datetimeutc,Quebec
2026-05-23 00:03:00,34663.34112777663
2026-05-23 00:06:00,34068.38219621991
2026-05-23 00:09:00,33409.638784334194
2026-05-23 00:12:00,32682.886797165625
2026-05-23 00:15:00,31886.738966273228
2026-05-23 00:18:00,31021.662161230546
2026-05-23 00:21:00,30090.30728490254
2026-05-23 00:24:00,29096.40423889351
2026-05-23 00:27:00,28044.341815101805
2026-05-23 00:30:00,26939.14705148235
2026-05-23 00:33:00,25786.301869121096
2026-05-23 00:36:00,24593.559572790025
2026-05-23 00:39:00,23358.84535803723
2026-05-23 00:42:00,22088.96437607627
2026-05-23 00:45:00,20790.802628326357
2026-05-23 00:48:00,19473.01282324748
2026-05-23 00:51:00,18147.65165613092
2026-05-23 00:54:00,16827.260417984584
2026-05-23 00:57:00,15521.306888859915
2026-05-23 01:00:00,14236.38552116389
2026-05-23 01:03:00,12976.259380626829
2026-05-23 01:06:00,11743.138382414918
2026-05-23 01:09:00,10538.061098226428
2026-05-23 01:12:00,9361.222093026798
2026-05-23 01:15:00,8211.698555519984
2026-05-23 01:18:00,7087.729656214364
2026-05-23 01:21:00,5987.178629992831
2026-05-23 01:24:00,4908.590507432758
2026-05-23 01:27:00,3848.6716327714284
2026-05-23 01:30:00,2811.045869267316
2026-05-23 01:33:00,1795.0983325754687
2026-05-23 01:36:00,800.3027866333895
2026-05-23 01:39:00,-175.37463999524672
2026-05-23 01:42:00,-1134.3174426671148
2026-05-23 01:45:00,-2078.779056948131
2026-05-23 01:48:00,-3008.577116670581
2026-05-23 01:51:00,-3924.6965067389783
2026-05-23 01:54:00,-4828.199223608815
2026-05-23 01:57:00,-5718.645830191102
2026-05-23 02:00:00,-6596.365311617753
2026-05-23 02:03:00,-7461.488122678539
2026-05-23 02:06:00,-8314.179077339533
2026-05-23 02:09:00,-9154.162756336795
2026-05-23 02:12:00,-9980.809543574316
2026-05-23 02:15:00,-10793.172252576867
2026-05-23 02:18:00,-11590.287986373953
2026-05-23 02:21:00,-12371.625210515504
2026-05-23 02:24:00,-13137.120278059174
2026-05-23 02:27:00,-13887.147741317076
2026-05-23 02:30:00,-14622.108609319825
2026-05-23 02:33:00,-15342.501698675449
2026-05-23 02:36:00,-16048.443190332782
2026-05-23 02:39:00,-16739.304058374742
2026-05-23 02:42:00,-17413.98640745684
2026-05-23 02:45:00,-18070.813743596213
2026-05-23 02:48:00,-18707.867272087668
2026-05-23 02:51:00,-19323.157100725275
2026-05-23 02:54:00,-19914.80229450236
2026-05-23 02:57:00,-20481.110959485988
2026-05-23 03:00:00,-21020.82916670266
2026-05-23 03:03:00,-21533.021340298244
2026-05-23 03:06:00,-22016.72148216479
2026-05-23 03:09:00,-22471.806566912586
2026-05-23 03:12:00,-22897.125807820164
2026-05-23 03:15:00,-23292.215135042814
2026-05-23 03:18:00,-23656.488975047567
2026-05-23 03:21:00,-23989.210879184266
2026-05-23 03:24:00,-24289.63178114708
2026-05-23 03:27:00,-24556.848966878017
2026-05-23 03:30:00,-24789.77861742391
2026-05-23 03:33:00,-24987.105424126494
2026-05-23 03:36:00,-25148.06180593474
2026-05-23 03:39:00,-25271.5026016692
2026-05-23 03:42:00,-25356.82410273176
2026-05-23 03:45:00,-25403.261472396065
2026-05-23 03:48:00,-25410.169154026487
2026-05-23 03:51:00,-25376.97837920211
2026-05-23 03:54:00,-25303.17976821753
2026-05-23 03:57:00,-25188.278555067584
2026-05-23 04:00:00,-25031.74316440657
2026-05-23 04:03:00,-24832.960857116916
2026-05-23 04:06:00,-24591.214812200644
2026-05-23 04:09:00,-24305.68554169026
2026-05-23 04:12:00,-23975.410268653704
2026-05-23 04:15:00,-23599.272323623693
2026-05-23 04:18:00,-23176.020290875967
2026-05-23 04:21:00,-22704.338053090793
2026-05-23 04:24:00,-22182.863556006647
2026-05-23 04:27:00,-21610.155285959012
2026-05-23 04:30:00,-20984.71297957169
2026-05-23 04:33:00,-20304.983479009516
2026-05-23 04:36:00,-19569.37503406148
2026-05-23 04:39:00,-18776.285553503927
2026-05-23 04:42:00,-17924.132610172503
2026-05-23 04:45:00,-17011.402263726104
2026-05-23 04:48:00,-16036.696115502109
2026-05-23 04:51:00,-14998.782644702042
2026-05-23 04:54:00,-13896.654691988959
2026-05-23 04:57:00,-12729.621767083714
2026-05-23 05:00:00,-11497.39166481857
2026-05-23 05:03:00,-10200.170501336495
2026-05-23 05:06:00,-8838.661382247315
2026-05-23 05:09:00,-7414.1414865363
2026-05-23 05:12:00,-5928.699046741019
2026-05-23 05:15:00,-4385.4490388005115
2026-05-23 05:18:00,-2788.5081793417016
2026-05-23 05:21:00,-1144.1848523168496
2026-05-23 05:24:00,540.8465264405156
2026-05-23 05:27:00,2263.367993561041
2026-05-23 05:30:00,4012.758013016108
2026-05-23 05:33:00,5769.6906765705935
2026-05-23 05:36:00,7531.2929273676045
2026-05-23 05:39:00,9287.461545981347
2026-05-23 05:42:00,11029.445338359172
2026-05-23 05:45:00,12749.255680953685
2026-05-23 05:48:00,14439.440009568749
2026-05-23 05:51:00,16094.717364421042
2026-05-23 05:54:00,17707.16736338389
2026-05-23 05:57:00,19271.222707416353
2026-05-23 06:00:00,20782.343285708506
2026-05-23 06:03:00,22236.201461028257
2026-05-23 06:06:00,23629.584408120365
2026-05-23 06:09:00,24960.133825522924
2026-05-23 06:12:00,26226.469894086313
2026-05-23 06:15:00,27428.041943867636
2026-05-23 06:18:00,28565.095437602267
2026-05-23 06:21:00,29638.48873855198
2026-05-23 06:24:00,30649.594777027844
2026-05-23 06:27:00,31599.65683867395
2026-05-23 06:30:00,32490.761876962482
2026-05-23 06:33:00,33325.121157465204
2026-05-23 06:36:00,34105.10578975026
2026-05-23 06:39:00,34833.00028060699
2026-05-23 06:42:00,35511.28873574121
2026-05-23 06:45:00,36142.35817335476
2026-05-23 06:48:00,36728.52610247571
2026-05-23 06:51:00,37273.008151321716
2026-05-23 06:54:00,37777.92632284299
2026-05-23 06:57:00,38244.900717784745
2026-05-23 07:00:00,38675.861100436814
2026-05-23 07:03:00,39072.424383648126
2026-05-23 07:06:00,39437.10663518153
2026-05-23 07:09:00,39771.87984577828
2026-05-23 07:12:00,40079.20265199077
2026-05-23 07:15:00,40360.09444012937
2026-05-23 07:18:00,40616.06966650274
2026-05-23 07:21:00,40848.086589537226
2026-05-23 07:24:00,41057.711225188985
2026-05-23 07:27:00,41246.06758015576
2026-05-23 07:30:00,41414.332374331396
2026-05-23 07:33:00,41563.9213359654
2026-05-23 07:36:00,41695.25690038799
2026-05-23 07:39:00,41809.71779587847
2026-05-23 07:42:00,41907.91999478561
2026-05-23 07:45:00,41990.0851272054
2026-05-23 07:48:00,42057.616917122185
2026-05-23 07:51:00,42111.72246750126
2026-05-23 07:54:00,42153.68249356232
2026-05-23 07:57:00,42184.581597993594
2026-05-23 08:00:00,42204.61633152067
2026-05-23 08:03:00,42215.27653762534
2026-05-23 08:06:00,42218.25104814
2026-05-23 08:09:00,42215.017924286054
2026-05-23 08:12:00,42205.15671148002
2026-05-23 08:15:00,42188.770511159666
2026-05-23 08:18:00,42166.01462821112
2026-05-23 08:21:00,42137.18853604855
2026-05-23 08:24:00,42103.0961507131
2026-05-23 08:27:00,42063.92777246509
2026-05-23 08:30:00,42020.105565264035
2026-05-23 08:33:00,41972.21977934059
2026-05-23 08:36:00,41921.18688412792
2026-05-23 08:39:00,41867.25688646775
2026-05-23 08:42:00,41811.14908848909
2026-05-23 08:45:00,41753.096749179356
2026-05-23 08:48:00,41693.07750889727
2026-05-23 08:51:00,41630.65568022954
2026-05-23 08:54:00,41566.271943306485
2026-05-23 08:57:00,41499.26664902914
2026-05-23 09:00:00,41430.042698027886
2026-05-23 09:03:00,41358.70436793392
2026-05-23 09:06:00,41285.67184493384
2026-05-23 09:09:00,41210.989214920715
2026-05-23 09:12:00,41134.590513834184
2026-05-23 09:15:00,41056.10267256186
2026-05-23 09:18:00,40976.27119036005
2026-05-23 09:21:00,40894.78994321198
2026-05-23 09:24:00,40810.67386313205
2026-05-23 09:27:00,40725.84053294656
2026-05-23 09:30:00,40639.21396854341
2026-05-23 09:33:00,40551.16333733339
2026-05-23 09:36:00,40461.395497572084
2026-05-23 09:39:00,40369.72950434513
2026-05-23 09:42:00,40276.00035066982
2026-05-23 09:45:00,40180.669853226726
2026-05-23 09:48:00,40084.2345859284
2026-05-23 09:51:00,39986.28703585724
2026-05-23 09:54:00,39888.368119141356
2026-05-23 09:57:00,39789.72513512085
2026-05-23 10:00:00,39690.05067679486
2026-05-23 10:03:00,39588.91829013259
2026-05-23 10:06:00,39486.34644524634
2026-05-23 10:09:00,39383.031776871845
2026-05-23 10:12:00,39279.31912080918
2026-05-23 10:15:00,39175.39747455509
2026-05-23 10:18:00,39070.77285687561
2026-05-23 10:21:00,38965.066484523704
2026-05-23 10:24:00,38858.01260616163
2026-05-23 10:27:00,38749.317560435986
2026-05-23 10:30:00,38638.83549530726
2026-05-23 10:33:00,38526.33285004552
2026-05-23 10:36:00,38411.49113097064
2026-05-23 10:39:00,38294.03951831133
2026-05-23 10:42:00,38174.11842678424
2026-05-23 10:45:00,38050.992490272314
2026-05-23 10:48:00,37924.503302082136
2026-05-23 10:51:00,37794.60551974332
2026-05-23 10:54:00,37660.8711038613
2026-05-23 10:57:00,37523.117531206626
2026-05-23 11:00:00,37381.07728250319
2026-05-23 11:03:00,37234.37474501867
2026-05-23 11:06:00,37082.40882095326
2026-05-23 11:09:00,36924.48881507268
2026-05-23 11:12:00,36759.7766189362
2026-05-23 11:15:00,36587.807761003074
2026-05-23 11:18:00,36407.71382180611
2026-05-23 11:21:00,36218.4991942256
2026-05-23 11:24:00,36019.10988087785
2026-05-23 11:27:00,35808.344666670935
2026-05-23 11:30:00,35584.799158294
2026-05-23 11:33:00,35346.84758694593
2026-05-23 11:36:00,35092.24103100738
2026-05-23 11:39:00,34818.3622891043
2026-05-23 11:42:00,34522.32079201164
2026-05-23 11:45:00,34200.891052162006
2026-05-23 11:48:00,33850.50853339337
2026-05-23 11:51:00,33467.27567621563
2026-05-23 11:54:00,33046.91373458715
2026-05-23 11:57:00,32584.942108443254
2026-05-23 12:00:00,32076.613415289903
2026-05-23 12:03:00,31517.54440439263
2026-05-23 12:06:00,30903.223047298034
2026-05-23 12:09:00,30229.377010045024
2026-05-23 12:12:00,29492.83745036195
2026-05-23 12:15:00,28692.16813985235
2026-05-23 12:18:00,27827.266391807152
2026-05-23 12:21:00,26899.55698068995
2026-05-23 12:24:00,25910.759036856613
2026-05-23 12:27:00,24863.754605360366
2026-05-23 12:30:00,23762.148168078715
2026-05-23 12:33:00,22608.651474014736
2026-05-23 12:36:00,21403.125128261236
2026-05-23 12:39:00,20153.55244111976
2026-05-23 12:42:00,18867.770210744784
2026-05-23 12:45:00,17556.91192165902
2026-05-23 12:48:00,16233.809139465788
2026-05-23 12:51:00,14910.22878299896
2026-05-23 12:54:00,13595.417061251424
2026-05-23 12:57:00,12296.38645774536
2026-05-23 13:00:00,11017.671596986293
2026-05-23 13:03:00,9762.344997246568
2026-05-23 13:06:00,8531.842018739273
2026-05-23 13:09:00,7326.499983656007
2026-05-23 13:12:00,6144.966596329681
2026-05-23 13:15:00,4985.71494685125
2026-05-23 13:18:00,3844.377129257016
2026-05-23 13:21:00,2721.5034052726587
2026-05-23 13:24:00,1617.729226327881
2026-05-23 13:27:00,531.3784574397677
2026-05-23 13:30:00,-537.2543696198298
2026-05-23 13:33:00,-1590.0043397052066
2026-05-23 13:36:00,-2629.31386246908
2026-05-23 13:39:00,-3654.9808215317707
2026-05-23 13:42:00,-4668.734873311068
2026-05-23 13:45:00,-5671.4111938236065
2026-05-23 13:48:00,-6663.166792465149
2026-05-23 13:51:00,-7644.754018481519
2026-05-23 13:54:00,-8615.590164034767
2026-05-23 13:57:00,-9575.164301581512
2026-05-23 14:00:00,-10524.774491732524
2026-05-23 14:03:00,-11463.921011597135
2026-05-23 14:06:00,-12392.004754672527
2026-05-23 14:09:00,-13307.65146480926
2026-05-23 14:12:00,-14209.051088504644
2026-05-23 14:15:00,-15095.067019339369
2026-05-23 14:18:00,-15965.00539004187
2026-05-23 14:21:00,-16818.636946867384
2026-05-23 14:24:00,-17655.847345026436
2026-05-23 14:27:00,-18476.911029519073
2026-05-23 14:30:00,-19281.71990607149
2026-05-23 14:33:00,-20069.96222632484
2026-05-23 14:36:00,-20840.83277208508
2026-05-23 14:39:00,-21593.210451098243
2026-05-23 14:42:00,-22325.80003449353
2026-05-23 14:45:00,-23037.327390860923
2026-05-23 14:48:00,-23726.99981790836
2026-05-23 14:51:00,-24394.171039530935
2026-05-23 14:54:00,-25038.510587894336
2026-05-23 14:57:00,-25659.338394183753
2026-05-23 15:00:00,-26256.395565228333
2026-05-23 15:03:00,-26829.480534889513
2026-05-23 15:06:00,-27378.18582614355
2026-05-23 15:09:00,-27902.107771976425
2026-05-23 15:12:00,-28400.248113861486
2026-05-23 15:15:00,-28871.717342614036
2026-05-23 15:18:00,-29315.998227760836
2026-05-23 15:21:00,-29732.14189317141
2026-05-23 15:24:00,-30118.7902887812
2026-05-23 15:27:00,-30474.48724844833
2026-05-23 15:30:00,-30797.84614034102
2026-05-23 15:33:00,-31087.94278467347
2026-05-23 15:36:00,-31343.55520945197
2026-05-23 15:39:00,-31563.70878234298
2026-05-23 15:42:00,-31747.913761266904
2026-05-23 15:45:00,-31895.021081422477
2026-05-23 15:48:00,-32004.523024722417
2026-05-23 15:51:00,-32076.21269939633
2026-05-23 15:54:00,-32109.67546109788
2026-05-23 15:57:00,-32104.384055087594
2026-05-23 16:00:00,-32059.7694557977
2026-05-23 16:03:00,-31975.58657878504
2026-05-23 16:06:00,-31851.47614765314
2026-05-23 16:09:00,-31687.032515954077
2026-05-23 16:12:00,-31481.846408292364
2026-05-23 16:15:00,-31235.301840472308
2026-05-23 16:18:00,-30946.721519152172
2026-05-23 16:21:00,-30615.450713065376
2026-05-23 16:24:00,-30240.808177017127
2026-05-23 16:27:00,-29822.147808515878
2026-05-23 16:30:00,-29358.788032208497
2026-05-23 16:33:00,-28850.021858462685
2026-05-23 16:36:00,-28295.247869206778
2026-05-23 16:39:00,-27693.790703254585
2026-05-23 16:42:00,-27044.846082018943
2026-05-23 16:45:00,-26347.534171791718
2026-05-23 16:48:00,-25600.93924783129
2026-05-23 16:51:00,-24804.132033261263
2026-05-23 16:54:00,-23956.193631019858
2026-05-23 16:57:00,-23056.23331749174
2026-05-23 17:00:00,-22103.390355752752
2026-05-23 17:03:00,-21096.894124339397
2026-05-23 17:06:00,-20036.002057326998
2026-05-23 17:09:00,-18920.027968150025
2026-05-23 17:12:00,-17748.383081529464
2026-05-23 17:15:00,-16520.601224876344
2026-05-23 17:18:00,-15236.342184266503
2026-05-23 17:21:00,-13895.525828783972
2026-05-23 17:24:00,-12498.334568079406
2026-05-23 17:27:00,-11045.275533537135
2026-05-23 17:30:00,-9537.113239819846
2026-05-23 17:33:00,-7975.016892499565
2026-05-23 17:36:00,-6360.831225422654
2026-05-23 17:39:00,-4697.299647456571
2026-05-23 17:42:00,-2988.258754911794
2026-05-23 17:45:00,-1239.5580229043028
2026-05-23 17:48:00,543.1735565044195
2026-05-23 17:51:00,2357.370903390862
2026-05-23 17:54:00,4193.077268145902
2026-05-23 17:57:00,6032.539627642952
2026-05-23 18:00:00,7874.987630620284
2026-05-23 18:03:00,9711.733940506389
2026-05-23 18:06:00,11535.21914001953
2026-05-23 18:09:00,13338.532202416167
2026-05-23 18:12:00,15115.099423099882
2026-05-23 18:15:00,16858.575902110668
2026-05-23 18:18:00,18562.79030544809
2026-05-23 18:21:00,20223.538338180104
2026-05-23 18:24:00,21833.385757780707
2026-05-23 18:27:00,23388.684747439227
2026-05-23 18:30:00,24884.591200361378
2026-05-23 18:33:00,26319.1077665389
2026-05-23 18:36:00,27689.56143935028
2026-05-23 18:39:00,28994.418894083232
2026-05-23 18:42:00,30232.970058852676
2026-05-23 18:45:00,31405.224121849496
2026-05-23 18:48:00,32511.413258901513
2026-05-23 18:51:00,33552.401537093334
2026-05-23 18:54:00,34530.0080159789
2026-05-23 18:57:00,35444.995381830275
2026-05-23 19:00:00,36299.76471483225
2026-05-23 19:03:00,37096.36405965727
2026-05-23 19:06:00,37837.04628223437
2026-05-23 19:09:00,38524.30163821952
2026-05-23 19:12:00,39160.63744565552
2026-05-23 19:15:00,39748.72440389514
2026-05-23 19:18:00,40290.59584875839
2026-05-23 19:21:00,40788.60190142697
2026-05-23 19:24:00,41245.187470949684
2026-05-23 19:27:00,41662.4593597688
2026-05-23 19:30:00,42042.28976325188
2026-05-23 19:33:00,42386.6552745309
2026-05-23 19:36:00,42697.47769907383
2026-05-23 19:39:00,42977.329232399476
2026-05-23 19:42:00,43227.69245193701
2026-05-23 19:45:00,43451.217018055926
2026-05-23 19:48:00,43648.71569587752
2026-05-23 19:51:00,43822.36317119989
2026-05-23 19:54:00,43974.03633417708
2026-05-23 19:57:00,44105.3913848549
2026-05-23 20:00:00,44217.83620889053
2026-05-23 20:03:00,44314.0483861734
2026-05-23 20:06:00,44393.612579796056
2026-05-23 20:09:00,44457.60438515815
2026-05-23 20:12:00,44507.296266706035
2026-05-23 20:15:00,44543.37452000689
2026-05-23 20:18:00,44567.45166406129
2026-05-23 20:21:00,44580.4803003933
2026-05-23 20:24:00,44582.59634197201
2026-05-23 20:27:00,44575.194034578584
2026-05-23 20:30:00,44558.71723425788
2026-05-23 20:33:00,44532.92501260845
2026-05-23 20:36:00,44499.147038944655
2026-05-23 20:39:00,44458.224402078355
2026-05-23 20:42:00,44410.96369579821
2026-05-23 20:45:00,44357.58641737302
2026-05-23 20:48:00,44299.07682883994
2026-05-23 20:51:00,44236.80843100151
2026-05-23 20:54:00,44172.45874922521
2026-05-23 20:57:00,44105.86486051341
2026-05-23 21:00:00,44037.04547108445
2026-05-23 21:03:00,43965.93096964541
2026-05-23 21:06:00,43892.22931873744
2026-05-23 21:09:00,43816.214508171426
2026-05-23 21:12:00,43737.89138485748
2026-05-23 21:15:00,43657.356238801956
2026-05-23 21:18:00,43574.81883580334
2026-05-23 21:21:00,43490.839844375936
2026-05-23 21:24:00,43405.96940629544
2026-05-23 21:27:00,43320.337964023405
2026-05-23 21:30:00,43234.72427462269
2026-05-23 21:33:00,43149.062425460215
2026-05-23 21:36:00,43063.11505980736
2026-05-23 21:39:00,42976.53527656098
2026-05-23 21:42:00,42889.40107863424
2026-05-23 21:45:00,42800.58837872175
2026-05-23 21:48:00,42710.94435682549
2026-05-23 21:51:00,42620.35498167865
2026-05-23 21:54:00,42528.88981752761
2026-05-23 21:57:00,42436.367296221026
2026-05-23 22:00:00,42342.95954164228
2026-05-23 22:03:00,42248.941439167334
2026-05-23 22:06:00,42154.40555942597
2026-05-23 22:09:00,42059.116874413216
2026-05-23 22:12:00,41962.78905964771
2026-05-23 22:15:00,41865.947390687565
2026-05-23 22:18:00,41768.67073022049
2026-05-23 22:21:00,41670.732627232195
2026-05-23 22:24:00,41571.868902330156
2026-05-23 22:27:00,41471.7989793706
2026-05-23 22:30:00,41370.556618353025
2026-05-23 22:33:00,41268.55470519401
2026-05-23 22:36:00,41165.76850521538
2026-05-23 22:39:00,41063.37710072106
2026-05-23 22:42:00,40960.90451264617
2026-05-23 22:45:00,40858.02634233245
2026-05-23 22:48:00,40754.371268766474
2026-05-23 22:51:00,40649.596556096185
2026-05-23 22:54:00,40544.48056816206
2026-05-23 22:57:00,40439.26395490811
2026-05-23 23:00:00,40334.192426502166
2026-05-23 23:03:00,40228.688993451484
2026-05-23 23:06:00,40122.49206127122
2026-05-23 23:09:00,40015.09162645482
2026-05-23 23:12:00,39906.32726671594
2026-05-23 23:15:00,39796.129622700086
2026-05-23 23:18:00,39684.07742007939
2026-05-23 23:21:00,39570.08391365363
2026-05-23 23:24:00,39453.764872740736
2026-05-23 23:27:00,39335.25038902082
2026-05-23 23:30:00,39214.04110182419
2026-05-23 23:33:00,39090.30079827268
2026-05-23 23:36:00,38963.720304246024
2026-05-23 23:39:00,38834.39624527477
2026-05-23 23:42:00,38702.26313790706
2026-05-23 23:45:00,38567.40760068234
2026-05-23 23:48:00,38429.56917281711
2026-05-23 23:51:00,38288.24814354756
2026-05-23 23:54:00,38143.03324790684
2026-05-23 23:57:00,37993.71707248206
2026-05-24 00:00:00,37839.977703716606
2026-05-24 00:03:00,37681.52305225408
2026-05-24 00:06:00,37517.82580115898
2026-05-24 00:09:00,37348.12077313875
2026-05-24 00:12:00,37171.58398524427
2026-05-24 00:15:00,36987.367119414266
2026-05-24 00:18:00,36794.5022864839
2026-05-24 00:21:00,36591.90109439571
2026-05-24 00:24:00,36378.22751387926
2026-05-24 00:27:00,36151.78358991831
2026-05-24 00:30:00,35910.680043194174
2026-05-24 00:33:00,35652.87279077229
2026-05-24 00:36:00,35376.05839075822
2026-05-24 00:39:00,35077.58657222033
2026-05-24 00:42:00,34754.48835442546
2026-05-24 00:45:00,34403.46954140984
2026-05-24 00:48:00,34020.995410425065
2026-05-24 00:51:00,33603.23058563574
2026-05-24 00:54:00,33145.95769023362
2026-05-24 00:57:00,32644.68232390972
2026-05-24 01:00:00,32095.037386991156
2026-05-24 01:03:00,31493.134012450326
2026-05-24 01:06:00,30835.61149882517
2026-05-24 01:09:00,30119.290004952476
2026-05-24 01:12:00,29342.66690811497
2026-05-24 01:15:00,28505.14990957449
2026-05-24 01:18:00,27608.567688869894
2026-05-24 01:21:00,26656.360503999214
2026-05-24 01:24:00,25652.36144585157
2026-05-24 01:27:00,24600.74839194562
2026-05-24 01:30:00,23506.546395669324
2026-05-24 01:33:00,22374.550101171953
2026-05-24 01:36:00,21208.70860608033
2026-05-24 01:39:00,20010.514556195212
2026-05-24 01:42:00,18782.125801300015
2026-05-24 01:45:00,17532.66875136277
2026-05-24 01:48:00,16273.043108372123
2026-05-24 01:51:00,15016.548702122183
2026-05-24 01:54:00,13774.82422662141
2026-05-24 01:57:00,12555.326943653448
2026-05-24 02:00:00,11362.07566917527
2026-05-24 02:03:00,10196.476300749408
2026-05-24 02:06:00,9058.532353901766
2026-05-24 02:09:00,7947.179316362378
2026-05-24 02:12:00,6860.55346372287
2026-05-24 02:15:00,5795.930537639498
2026-05-24 02:18:00,4749.020567992973
2026-05-24 02:21:00,3719.6423173830126
2026-05-24 02:24:00,2707.0404743800505
2026-05-24 02:27:00,1712.104409879479
2026-05-24 02:30:00,731.5270676406184
2026-05-24 02:33:00,-232.46938537620883
2026-05-24 02:36:00,-1181.2163768166042
2026-05-24 02:39:00,-2116.303987025785
2026-05-24 02:42:00,-3039.1152992565285
2026-05-24 02:45:00,-3949.738966204102
2026-05-24 02:48:00,-4850.2164329855505
2026-05-24 02:51:00,-5741.218081795546
2026-05-24 02:54:00,-6622.688273363307
2026-05-24 02:57:00,-7494.124822595516
2026-05-24 03:00:00,-8355.317799335779
2026-05-24 03:03:00,-9206.22443499532
2026-05-24 03:06:00,-10046.900381500891
2026-05-24 03:09:00,-10876.946622092328
2026-05-24 03:12:00,-11695.71999757405
2026-05-24 03:15:00,-12502.056274722094
2026-05-24 03:18:00,-13294.405589072103
2026-05-24 03:21:00,-14071.185661944197
2026-05-24 03:24:00,-14831.199427602198
2026-05-24 03:27:00,-15573.870270368227
2026-05-24 03:30:00,-16298.972325159284
2026-05-24 03:33:00,-17006.546154946212
2026-05-24 03:36:00,-17696.469064317967
2026-05-24 03:39:00,-18368.56403008503
2026-05-24 03:42:00,-19022.43881005516
2026-05-24 03:45:00,-19657.04875885918
2026-05-24 03:48:00,-20271.388679903892
2026-05-24 03:51:00,-20864.347104166267
2026-05-24 03:54:00,-21434.9498371113
2026-05-24 03:57:00,-21982.373173140113
2026-05-24 04:00:00,-22505.965371040686
2026-05-24 04:03:00,-23005.081423798463
2026-05-24 04:06:00,-23479.425925567233
2026-05-24 04:09:00,-23928.77442693674
2026-05-24 04:12:00,-24352.460024687232
2026-05-24 04:15:00,-24750.477385857557
2026-05-24 04:18:00,-25121.64322243874
2026-05-24 04:21:00,-25465.184860669022
2026-05-24 04:24:00,-25780.177239361863
2026-05-24 04:27:00,-26065.534609742004
2026-05-24 04:30:00,-26320.21046080945
2026-05-24 04:33:00,-26543.135993375177
2026-05-24 04:36:00,-26733.19756031043
2026-05-24 04:39:00,-26889.13501612625
2026-05-24 04:42:00,-27010.272049775413
2026-05-24 04:45:00,-27095.54571210887
2026-05-24 04:48:00,-27144.62558685092
2026-05-24 04:51:00,-27156.964549746983
2026-05-24 04:54:00,-27132.104066987737
2026-05-24 04:57:00,-27069.629265769065
2026-05-24 05:00:00,-26969.1707694219
2026-05-24 05:03:00,-26830.29816996457
2026-05-24 05:06:00,-26652.61468634453
2026-05-24 05:09:00,-26435.677702205983
2026-05-24 05:12:00,-26179.01156924267
2026-05-24 05:15:00,-25882.066497862954
2026-05-24 05:18:00,-25544.179637684916
2026-05-24 05:21:00,-25164.60599334715
2026-05-24 05:24:00,-24742.54686429296
2026-05-24 05:27:00,-24277.193704581656
2026-05-24 05:30:00,-23767.724567010573
2026-05-24 05:33:00,-23213.31002087256
2026-05-24 05:36:00,-22613.09291508508
2026-05-24 05:39:00,-21966.185038526804
2026-05-24 05:42:00,-21271.67207022397
2026-05-24 05:45:00,-20528.615918600375
2026-05-24 05:48:00,-19736.05328836406
2026-05-24 05:51:00,-18893.006473947906
2026-05-24 05:54:00,-17998.49755040401
2026-05-24 05:57:00,-17051.57417922456
2026-05-24 06:00:00,-16051.335952577874
2026-05-24 06:03:00,-14997.013146176738
2026-05-24 06:06:00,-13887.880215045303
2026-05-24 06:09:00,-12723.331182009502
2026-05-24 06:12:00,-11502.971823046375
2026-05-24 06:15:00,-10226.704352840605
2026-05-24 06:18:00,-8894.74110290201
2026-05-24 06:21:00,-7507.598939503303
2026-05-24 06:24:00,-6066.3565574198665
2026-05-24 06:27:00,-4572.968020194702
2026-05-24 06:30:00,-3030.3301309020076
2026-05-24 06:33:00,-1443.267658713115
2026-05-24 06:36:00,182.76639191189264
2026-05-24 06:39:00,1846.0931475401226
2026-05-24 06:42:00,3536.263457232483
2026-05-24 06:45:00,5239.27021353859
2026-05-24 06:48:00,6946.547811566424
2026-05-24 06:51:00,8652.890979543105
2026-05-24 06:54:00,10349.857301641792
2026-05-24 06:57:00,12030.312632041589
2026-05-24 07:00:00,13689.571735502313
2026-05-24 07:03:00,15319.72035746794
2026-05-24 07:06:00,16915.970853731138
2026-05-24 07:09:00,18473.135699253486
2026-05-24 07:12:00,19986.244176521843
2026-05-24 07:15:00,21451.18480094427
2026-05-24 07:18:00,22863.663854925806
2026-05-24 07:21:00,24220.974059855987
2026-05-24 07:24:00,25520.704274362262
2026-05-24 07:27:00,26761.280766201064
2026-05-24 07:30:00,27941.70355006828
2026-05-24 07:33:00,29061.643206527933
2026-05-24 07:36:00,30121.47757978819
2026-05-24 07:39:00,31121.915843208353
2026-05-24 07:42:00,32064.113542061354
2026-05-24 07:45:00,32949.20260469063
2026-05-24 07:48:00,33778.67419310113
2026-05-24 07:51:00,34554.34497710067
2026-05-24 07:54:00,35278.04931296706
2026-05-24 07:57:00,35951.72371968716
2026-05-24 08:00:00,36577.49493230135
2026-05-24 08:03:00,37157.34139202694
2026-05-24 08:06:00,37693.3068125392
2026-05-24 08:09:00,38188.46837406788
2026-05-24 08:12:00,38644.819508472116
2026-05-24 08:15:00,39063.92791285178
2026-05-24 08:18:00,39447.416925247366
2026-05-24 08:21:00,39797.47944202947
2026-05-24 08:24:00,40116.10121970482
2026-05-24 08:27:00,40405.378361381794
2026-05-24 08:30:00,40667.86732729271
2026-05-24 08:33:00,40904.711377712796
2026-05-24 08:36:00,41117.108688152926
2026-05-24 08:39:00,41306.67055001886
2026-05-24 08:42:00,41474.7496066202
2026-05-24 08:45:00,41622.644780042036
2026-05-24 08:48:00,41751.69027191484
2026-05-24 08:51:00,41863.44390831041
2026-05-24 08:54:00,41958.38283164445
2026-05-24 08:57:00,42037.94302903196
2026-05-24 09:00:00,42102.770361071096
2026-05-24 09:03:00,42153.17487554591
2026-05-24 09:06:00,42190.55232810754
2026-05-24 09:09:00,42216.11267490254
2026-05-24 09:12:00,42231.102011860545
2026-05-24 09:15:00,42236.56941022993
2026-05-24 09:18:00,42232.743546103484
2026-05-24 09:21:00,42221.00111117005
2026-05-24 09:24:00,42202.7085669102
2026-05-24 09:27:00,42179.37097610909
2026-05-24 09:30:00,42150.58901837355
2026-05-24 09:33:00,42116.390587250746
2026-05-24 09:36:00,42077.030192082995
2026-05-24 09:39:00,42032.27083168487
2026-05-24 09:42:00,41982.84637904062
2026-05-24 09:45:00,41929.10254851662
2026-05-24 09:48:00,41871.18099823517
2026-05-24 09:51:00,41809.74385310697
2026-05-24 09:54:00,41745.2786357587
2026-05-24 09:57:00,41678.45551462027
2026-05-24 10:00:00,41609.29978083292
2026-05-24 10:03:00,41538.61503435259
2026-05-24 10:06:00,41466.45223954489
2026-05-24 10:09:00,41392.74463734762
2026-05-24 10:12:00,41317.0284247426
2026-05-24 10:15:00,41239.84313219204
2026-05-24 10:18:00,41160.52507469914
2026-05-24 10:21:00,41079.55326722449
2026-05-24 10:24:00,40996.93787337493
2026-05-24 10:27:00,40913.09421382774
2026-05-24 10:30:00,40828.108140252254
2026-05-24 10:33:00,40741.808140249916
2026-05-24 10:36:00,40654.24922739821
2026-05-24 10:39:00,40565.5797847636
2026-05-24 10:42:00,40475.82316403929
2026-05-24 10:45:00,40384.59159250231
2026-05-24 10:48:00,40291.84492401251
2026-05-24 10:51:00,40197.86215282457
2026-05-24 10:54:00,40102.73997978944
2026-05-24 10:57:00,40006.31048960292
2026-05-24 11:00:00,39908.48535541781
2026-05-24 11:03:00,39808.97247305188
2026-05-24 11:06:00,39707.90837885229
2026-05-24 11:09:00,39605.76176249462
2026-05-24 11:12:00,39502.60721336044
2026-05-24 11:15:00,39398.116421252475
2026-05-24 11:18:00,39293.54605888327
2026-05-24 11:21:00,39188.24864190185
2026-05-24 11:24:00,39081.806565588486
2026-05-24 11:27:00,38973.644898882376
2026-05-24 11:30:00,38863.48062192935
2026-05-24 11:33:00,38751.701428269866
2026-05-24 11:36:00,38638.55667635577
2026-05-24 11:39:00,38524.14325849529
2026-05-24 11:42:00,38408.371279197556
2026-05-24 11:45:00,38290.34520822769
2026-05-24 11:48:00,38169.95378620073
2026-05-24 11:51:00,38046.920343751364
2026-05-24 11:54:00,37920.9022986425
2026-05-24 11:57:00,37791.64456566231
2026-05-24 12:00:00,37658.83475657218
2026-05-24 12:03:00,37521.93721811989
2026-05-24 12:06:00,37380.844400998314
2026-05-24 12:09:00,37235.039132230624
2026-05-24 12:12:00,37084.14621733709
2026-05-24 12:15:00,36927.44601861364
2026-05-24 12:18:00,36764.623029927934
2026-05-24 12:21:00,36595.24654368542
2026-05-24 12:24:00,36418.624670553356
2026-05-24 12:27:00,36233.97687731843
2026-05-24 12:30:00,36040.52791093449
2026-05-24 12:33:00,35837.54849366414
2026-05-24 12:36:00,35623.83329626972
2026-05-24 12:39:00,35398.11754149807
2026-05-24 12:42:00,35158.83314035744
2026-05-24 12:45:00,34904.21145214593
2026-05-24 12:48:00,34632.165430445144
2026-05-24 12:51:00,34340.36983751754
2026-05-24 12:54:00,34026.25141741206
2026-05-24 12:57:00,33686.98765247373
2026-05-24 13:00:00,33319.328985858374
2026-05-24 13:03:00,32919.5986623777
2026-05-24 13:06:00,32483.841777862937
2026-05-24 13:09:00,32007.991609664536
2026-05-24 13:12:00,31487.579453930084
2026-05-24 13:15:00,30917.99569903763
2026-05-24 13:18:00,30295.04927456834
2026-05-24 13:21:00,29615.72734540844
2026-05-24 13:24:00,28878.023443602062
2026-05-24 13:27:00,28081.077957303438
2026-05-24 13:30:00,27225.22287560198
2026-05-24 13:33:00,26310.77000325484
2026-05-24 13:36:00,25338.102234233524
2026-05-24 13:39:00,24308.382907852574
2026-05-24 13:42:00,23224.916075129157
2026-05-24 13:45:00,22092.35702799892
2026-05-24 13:48:00,20916.53022749012
2026-05-24 13:51:00,19704.895217524536
2026-05-24 13:54:00,18468.37320467229
2026-05-24 13:57:00,17215.66057717409
2026-05-24 14:00:00,15955.301695690825
2026-05-24 14:03:00,14695.482858744275
2026-05-24 14:06:00,13442.892145057549
2026-05-24 14:09:00,12203.355357198461
2026-05-24 14:12:00,10981.546970929994
2026-05-24 14:15:00,9781.002315520804
2026-05-24 14:18:00,8603.761175874493
2026-05-24 14:21:00,7450.317609256837
2026-05-24 14:24:00,6320.015820119871
2026-05-24 14:27:00,5212.092068588186
2026-05-24 14:30:00,4125.562106086802
2026-05-24 14:33:00,3056.85593450058
2026-05-24 14:36:00,2007.6627608965266
2026-05-24 14:39:00,976.8927640336
2026-05-24 14:42:00,-36.74744165530895
2026-05-24 14:45:00,-1035.9499749677034
2026-05-24 14:48:00,-2022.9867532263681
2026-05-24 14:51:00,-2997.6817719901355
2026-05-24 14:54:00,-3960.555097199637
2026-05-24 14:57:00,-4912.757765885841
2026-05-24 15:00:00,-5853.6900173061
2026-05-24 15:03:00,-6783.604164039962
2026-05-24 15:06:00,-7702.624109213851
2026-05-24 15:09:00,-8610.491767422991
2026-05-24 15:12:00,-9506.891495292724
2026-05-24 15:15:00,-10390.998799252455
2026-05-24 15:18:00,-11261.68291110417
2026-05-24 15:21:00,-12117.698028017403
2026-05-24 15:24:00,-12958.217293301757
2026-05-24 15:27:00,-13783.021779850265
2026-05-24 15:30:00,-14592.31312781689
2026-05-24 15:33:00,-15386.376242157168
2026-05-24 15:36:00,-16165.671251241416
2026-05-24 15:39:00,-16930.483844430095
2026-05-24 15:42:00,-17680.394053815864
2026-05-24 15:45:00,-18414.6206328097
2026-05-24 15:48:00,-19131.94160082288
2026-05-24 15:51:00,-19830.96710542654
2026-05-24 15:54:00,-20510.29367178966
2026-05-24 15:57:00,-21168.671168519573
2026-05-24 16:00:00,-21805.0290965031
2026-05-24 16:03:00,-22418.91513978383
2026-05-24 16:06:00,-23009.552719651016
2026-05-24 16:09:00,-23577.066571749863
2026-05-24 16:12:00,-24120.65411121804
2026-05-24 16:15:00,-24640.051217950713
2026-05-24 16:18:00,-25134.943456323665
2026-05-24 16:21:00,-25604.818012315023
2026-05-24 16:24:00,-26049.117111569958
2026-05-24 16:27:00,-26466.973607984586
2026-05-24 16:30:00,-26856.934952011063
2026-05-24 16:33:00,-27217.857300074735
2026-05-24 16:36:00,-27548.75748209317
2026-05-24 16:39:00,-27848.46118255071
2026-05-24 16:42:00,-28115.739300502166
2026-05-24 16:45:00,-28349.4433666248
2026-05-24 16:48:00,-28548.590679507044
2026-05-24 16:51:00,-28712.382779537387
2026-05-24 16:54:00,-28840.371933875154
2026-05-24 16:57:00,-28932.033436309983
2026-05-24 17:00:00,-28986.95018960445
2026-05-24 17:03:00,-29005.1342099966
2026-05-24 17:06:00,-28986.425314274304
2026-05-24 17:09:00,-28930.180760297513
2026-05-24 17:12:00,-28835.988884143913
2026-05-24 17:15:00,-28703.389553180255
2026-05-24 17:18:00,-28531.876420021195
2026-05-24 17:21:00,-28320.95131894179
2026-05-24 17:24:00,-28069.981915529865
2026-05-24 17:27:00,-27778.247271580476
2026-05-24 17:30:00,-27445.023660120212
2026-05-24 17:33:00,-27069.589670413734
2026-05-24 17:36:00,-26651.18504120957
2026-05-24 17:39:00,-26188.966539023164
2026-05-24 17:42:00,-25682.15476605433
2026-05-24 17:45:00,-25129.942765813063
2026-05-24 17:48:00,-24531.499673468672
2026-05-24 17:51:00,-23885.962076765587
2026-05-24 17:54:00,-23192.438573302014
2026-05-24 17:57:00,-22450.025598420503
2026-05-24 18:00:00,-21657.838500899674
2026-05-24 18:03:00,-20815.1774254912
2026-05-24 18:06:00,-19921.310255942506
2026-05-24 18:09:00,-18975.466111090464
2026-05-24 18:12:00,-17976.87726342504
2026-05-24 18:15:00,-16924.845410108464
2026-05-24 18:18:00,-15818.775595078514
2026-05-24 18:21:00,-14658.215819204415
2026-05-24 18:24:00,-13442.866440291898
2026-05-24 18:27:00,-12172.681108704948
2026-05-24 18:30:00,-10847.885781848945
2026-05-24 18:33:00,-9468.936127029825
2026-05-24 18:36:00,-8036.618851084624
2026-05-24 18:39:00,-6552.210320886559
2026-05-24 18:42:00,-5017.770175481083
2026-05-24 18:45:00,-3436.264575805274
2026-05-24 18:48:00,-1812.0365653059791
2026-05-24 18:51:00,-151.37685106083475
2026-05-24 18:54:00,1545.0474078246107
2026-05-24 18:57:00,3269.785165227976
2026-05-24 19:00:00,5007.941499332671
2026-05-24 19:03:00,6751.995605988688
2026-05-24 19:06:00,8497.282792153015
2026-05-24 19:09:00,10235.657117951348
2026-05-24 19:12:00,11960.078733292712
2026-05-24 19:15:00,13663.978216717602
2026-05-24 19:18:00,15341.320198894864
2026-05-24 19:21:00,16987.997710268424
2026-05-24 19:24:00,18596.005034558963
2026-05-24 19:27:00,20161.82750429331
2026-05-24 19:30:00,21680.568223926075
2026-05-24 19:33:00,23147.867696430534
2026-05-24 19:36:00,24560.136631890775
2026-05-24 19:39:00,25914.630153378785
2026-05-24 19:42:00,27208.995806251616
2026-05-24 19:45:00,28441.661714080587
2026-05-24 19:48:00,29611.72387141161
2026-05-24 19:51:00,30719.65990845579
2026-05-24 19:54:00,31764.572843116453
2026-05-24 19:57:00,32748.270475141984
2026-05-24 20:00:00,33671.41985134887
2026-05-24 20:03:00,34535.92304138067
2026-05-24 20:06:00,35343.644725466
2026-05-24 20:09:00,36096.92608419087
2026-05-24 20:12:00,36798.084927013435
2026-05-24 20:15:00,37449.15694649617
2026-05-24 20:18:00,38052.38491848437
2026-05-24 20:21:00,38610.19709774116
2026-05-24 20:24:00,39124.85674970144
2026-05-24 20:27:00,39598.385083385205
2026-05-24 20:30:00,40032.9862788405
2026-05-24 20:33:00,40430.714503770534
2026-05-24 20:36:00,40794.17921787191
2026-05-24 20:39:00,41125.18214992105
2026-05-24 20:42:00,41425.93305540895
2026-05-24 20:45:00,41698.586441657884
2026-05-24 20:48:00,41943.9804660748
2026-05-24 20:51:00,42164.538504824144
2026-05-24 20:54:00,42361.78828868962
2026-05-24 20:57:00,42537.27893684915
2026-05-24 21:00:00,42693.294462479804
2026-05-24 21:03:00,42830.783863772886
2026-05-24 21:06:00,42950.51352187779
2026-05-24 21:09:00,43053.93541687913
2026-05-24 21:12:00,43141.821972358746
2026-05-24 21:15:00,43215.45561832042
2026-05-24 21:18:00,43276.10990904965
2026-05-24 21:21:00,43324.67240630085
2026-05-24 21:24:00,43361.03341354767
2026-05-24 21:27:00,43386.71454030799
2026-05-24 21:30:00,43401.30653883765
2026-05-24 21:33:00,43405.93796196763
2026-05-24 21:36:00,43401.46454609029
2026-05-24 21:39:00,43388.618273540436
2026-05-24 21:42:00,43368.47095742979
2026-05-24 21:45:00,43341.134398529386
2026-05-24 21:48:00,43307.90016073466
2026-05-24 21:51:00,43270.02310256467
2026-05-24 21:54:00,43229.22113644627
2026-05-24 21:57:00,43185.1209686098
2026-05-24 22:00:00,43137.7700041571
2026-05-24 22:03:00,43086.26351851423
2026-05-24 22:06:00,43030.357578104195
2026-05-24 22:09:00,42970.7485337702
2026-05-24 22:12:00,42907.68579208602
2026-05-24 22:15:00,42841.34307859754
2026-05-24 22:18:00,42772.345072064774
2026-05-24 22:21:00,42701.13019135379
2026-05-24 22:24:00,42628.40618066816
2026-05-24 22:27:00,42554.28868797635
2026-05-24 22:30:00,42479.58161125058
2026-05-24 22:33:00,42404.248895776436
2026-05-24 22:36:00,42328.083381442826
2026-05-24 22:39:00,42250.822994213566
2026-05-24 22:42:00,42172.712455884815
2026-05-24 22:45:00,42092.83731187879
2026-05-24 22:48:00,42012.01986477884
2026-05-24 22:51:00,41930.2132062882
2026-05-24 22:54:00,41847.556355903434
2026-05-24 22:57:00,41764.01141835889
2026-05-24 23:00:00,41679.67156819372
2026-05-24 23:03:00,41594.620702454915
2026-05-24 23:06:00,41509.7507434664
2026-05-24 23:09:00,41424.02853027259
2026-05-24 23:12:00,41337.35355534523
2026-05-24 23:15:00,41250.23241253929
2026-05-24 23:18:00,41162.712770721475
2026-05-24 23:21:00,41074.5693236852
2026-05-24 23:24:00,40985.62104910644
2026-05-24 23:27:00,40895.60441004774
2026-05-24 23:30:00,40804.53062559628
2026-05-24 23:33:00,40712.711991371885
2026-05-24 23:36:00,40620.17285833789
2026-05-24 23:39:00,40527.80843050897
2026-05-24 23:42:00,40435.21809810411
2026-05-24 23:45:00,40342.026085602425
2026-05-24 23:48:00,40247.815989939525
2026-05-24 23:51:00,40152.22245099187
2026-05-24 23:54:00,40055.942216805735
2026-05-24 23:57:00,39959.22750283858
2026-05-25 00:00:00,39862.309600512854
2026-05-25 00:03:00,39764.597761797966
2026-05-25 00:06:00,39665.81712741956
2026-05-25 00:09:00,39565.573584172555
2026-05-25 00:12:00,39463.85199711354
2026-05-25 00:15:00,39360.593525944256
2026-05-25 00:18:00,39255.6129158948
2026-05-25 00:21:00,39148.88292407698
2026-05-25 00:24:00,39039.80749474112
2026-05-25 00:27:00,38928.653077621944
2026-05-25 00:30:00,38814.99694850689
2026-05-25 00:33:00,38699.11668960223
2026-05-25 00:36:00,38580.76621539205
2026-05-25 00:39:00,38460.06879508814
2026-05-25 00:42:00,38337.022399438756
2026-05-25 00:45:00,38211.74544553262
2026-05-25 00:48:00,38084.05444862947
2026-05-25 00:51:00,37953.48647310499
2026-05-25 00:54:00,37819.78898016195
2026-05-25 00:57:00,37682.865933729554
2026-05-25 01:00:00,37542.446804448315
2026-05-25 01:03:00,37398.46565998086
2026-05-25 01:06:00,37250.444067062956
2026-05-25 01:09:00,37097.722672752956
2026-05-25 01:12:00,36939.58283065259
2026-05-25 01:15:00,36775.32727131964
2026-05-25 01:18:00,36604.20328759849
2026-05-25 01:21:00,36425.35137462264
2026-05-25 01:24:00,36237.51932437762
2026-05-25 01:27:00,36039.3860130541
2026-05-25 01:30:00,35829.633882583425
2026-05-25 01:33:00,35606.80381845188
2026-05-25 01:36:00,35369.20489287551
2026-05-25 01:39:00,35114.838065540236
2026-05-25 01:42:00,34841.44027004596
2026-05-25 01:45:00,34546.430586855684
2026-05-25 01:48:00,34226.905594954085
2026-05-25 01:51:00,33879.62566145455
2026-05-25 01:54:00,33500.943380524106
2026-05-25 01:57:00,33086.83274885114
2026-05-25 02:00:00,32632.905837942417
2026-05-25 02:03:00,32134.499797412664
2026-05-25 02:06:00,31587.19046982175
2026-05-25 02:09:00,30987.097157781147
2026-05-25 02:12:00,30331.175636844157
2026-05-25 02:15:00,29616.722520358377
2026-05-25 02:18:00,28841.88224984315
2026-05-25 02:21:00,28006.709047679364
2026-05-25 02:24:00,27112.945216414
2026-05-25 02:27:00,26164.043205405134
2026-05-25 02:30:00,25164.92678972201
2026-05-25 02:33:00,24120.72345592971
2026-05-25 02:36:00,23036.857963856583
2026-05-25 02:39:00,21918.474037348675
2026-05-25 02:42:00,20770.036156160004
2026-05-25 02:45:00,19594.37381891126
2026-05-25 02:48:00,18395.066074381644
2026-05-25 02:51:00,17175.687671191597
2026-05-25 02:54:00,15946.61608124977
2026-05-25 02:57:00,14719.572441633805
2026-05-25 03:00:00,13506.822293102075
2026-05-25 03:03:00,12317.388892617535
2026-05-25 03:06:00,11155.906406678123
2026-05-25 03:09:00,10024.351199423969
2026-05-25 03:12:00,8922.008614858532
2026-05-25 03:15:00,7847.7684086474255
2026-05-25 03:18:00,6798.622837017394
2026-05-25 03:21:00,5771.37700067279
2026-05-25 03:24:00,4762.61624745588
2026-05-25 03:27:00,3770.027510215493
2026-05-25 03:30:00,2788.4054162604525
2026-05-25 03:33:00,1825.6927071579219
2026-05-25 03:36:00,874.6729882166483
2026-05-25 03:39:00,-60.68043347307562
2026-05-25 03:42:00,-981.2787290615246
2026-05-25 03:45:00,-1888.4969267834858
2026-05-25 03:48:00,-2783.7170888863443
2026-05-25 03:51:00,-3666.887180807641
2026-05-25 03:54:00,-4540.5177925779035
2026-05-25 03:57:00,-5405.4813437848725
2026-05-25 04:00:00,-6261.93331373639
2026-05-25 04:03:00,-7109.5252916613545
2026-05-25 04:06:00,-7947.8606028138865
2026-05-25 04:09:00,-8776.392241708914
2026-05-25 04:12:00,-9595.315924867937
2026-05-25 04:15:00,-10404.60306432992
2026-05-25 04:18:00,-11203.894955432823
2026-05-25 04:21:00,-11992.129155373328
2026-05-25 04:24:00,-12768.260440247072
2026-05-25 04:27:00,-13530.882834454536
2026-05-25 04:30:00,-14278.582191626625
2026-05-25 04:33:00,-15010.065169683145
2026-05-25 04:36:00,-15724.485653209234
2026-05-25 04:39:00,-16421.495899405967
2026-05-25 04:42:00,-17100.857026635917
2026-05-25 04:45:00,-17762.703189950837
2026-05-25 04:48:00,-18406.752924411547
2026-05-25 04:51:00,-19032.645221602437
2026-05-25 04:54:00,-19639.8820993195
2026-05-25 04:57:00,-20227.52509257301
2026-05-25 05:00:00,-20794.716469533974
2026-05-25 05:03:00,-21340.652556942903
2026-05-25 05:06:00,-21864.637800913246
2026-05-25 05:09:00,-22366.144021524247
2026-05-25 05:12:00,-22844.760352927373
2026-05-25 05:15:00,-23300.134747574568
2026-05-25 05:18:00,-23731.855746947527
2026-05-25 05:21:00,-24139.564333445367
2026-05-25 05:24:00,-24522.870113346948
2026-05-25 05:27:00,-24880.80184290933
2026-05-25 05:30:00,-25213.103636253923
2026-05-25 05:33:00,-25518.159251219342
2026-05-25 05:36:00,-25794.927193075662
2026-05-25 05:39:00,-26042.28446563584
2026-05-25 05:42:00,-26259.07287415786
2026-05-25 05:45:00,-26444.279366255043
2026-05-25 05:48:00,-26596.949170227646
2026-05-25 05:51:00,-26716.19622651519
2026-05-25 05:54:00,-26801.160610040406
2026-05-25 05:57:00,-26850.832867408764
2026-05-25 06:00:00,-26864.84720513163
